{"cameraMode":{"drawMode":0,"name":"Shaded","section":"Shading Mode"},"sceneLighting":true,"audioPlay":false,"sceneViewState":{"m_AlwaysRefresh":false,"showFog":true,"showSkybox":true,"showFlares":true,"showImageEffects":true,"showParticleSystems":true,"showVisualEffectGraphs":true,"m_FxEnabled":true},"in2DMode":false,"pivot":{"x":-7.199999809265137,"y":0.5899999737739563,"z":20.799999237060548},"rotation":{"x":-0.20176945626735688,"y":0.053549643605947497,"z":-0.010535934008657933,"w":-0.9781384468078613},"size":1.9576456546783448,"orthographic":false}